{
	"format_version": "1.8.0",
	"animations": {
		"animation.awp.reload": {
			"animation_length": 2.15,
			"blend_weight": 1,
			"bones": {
				"main": {
					"rotation": {
						"0.0": [
							0,
							0,
							0
						],
						"0.2": [
							-2.82845,
							-3.14202,
							-11.53827
						],
						"0.3": [
							-6.1257,
							-3.02931,
							-21.44076
						],
						"0.4": [
							-8.99714,
							-2.88714,
							-18.93428
						],
						"0.5": [
							-8.56216,
							-3.74773,
							-26.14959
						],
						"0.6667": [
							-8.93449,
							-3.57494,
							-20.09324
						],
						"0.8": [
							-8.23835,
							-5.39519,
							-30.46877
						],
						"0.9": [
							-8.4224,
							-4.29086,
							-28.09539
						],
						"1.0": [
							-7.70135,
							-5.48509,
							-36.54201
						],
						"1.1": [
							-6.11762,
							-4.35841,
							-32.12568
						],
						"1.2333": [
							-5.32391,
							-3.82513,
							-33.76028
						],
						"1.4667": [
							0,
							0,
							-5.25
						],
						"1.5667": [
							0,
							0,
							1.13
						],
						"1.6667": [
							0,
							0,
							0
						]
					},
					"position": {
						"0.0": [
							0,
							0,
							0
						],
						"0.1333": [
							0.355,
							-0.42,
							-4.425
						],
						"0.3667": [
							-0.35,
							-1.75,
							0.05
						],
						"0.5667": [
							-0.15,
							-0.6,
							1
						],
						"0.6667": [
							-0.52,
							-1.72,
							0.475
						],
						"0.8": [
							-0.85,
							-2.275,
							1
						],
						"0.9": [
							-0.65,
							-1.475,
							1
						],
						"1.0": [
							-1.35,
							-0.225,
							0.525
						],
						"1.1333": [
							-1.575,
							-2.1,
							-1.075
						],
						"1.4": [
							0,
							-1.3,
							-3.4
						],
						"1.5": [
							0,
							-0.425,
							-2.45
						],
						"1.6": [
							0,
							0,
							0
						]
					}
				}
			},
			"sound_effects": {
				"0.0": {
					"effect": "foley_start"
				},
				"0.4667": {
					"effect": "m4_magout"
				},
				"0.7667": {
					"effect": "m4_magin"
				},
				"1.1667": {
					"effect": "foley_end"
				}
			}
		},
		"animation.awp.draw": {
			"animation_length": 1.2,
			"bones": {
				"main": {
					"rotation": {
						"0.0": [
							32.09413,
							-54.38778,
							-8.29667
						],
						"0.35": [
							0.50518,
							-5.08075,
							6.8716
						],
						"0.5": [
							0.32389,
							-0.60235,
							-2.1558
						],
						"0.6": [
							0,
							0,
							0
						]
					},
					"position": {
						"0.0": [
							0,
							-17.3,
							0
						],
						"0.25": [
							-0.4,
							-2.525,
							-1.625
						],
						"0.4": [
							-0.05,
							0,
							-2.49
						],
						"0.55": [
							0,
							0,
							0
						]
					}
				}
			}
		},
		"animation.awp.inspect": {
			"animation_length": 4.2667,
			"bones": {
				"main": {
					"rotation": {
						"0.0": [
							0,
							0,
							0
						],
						"0.1667": [
							-8.41746,
							-13.59608,
							-21.21259
						],
						"0.3": [
							-8.39812,
							-20.10111,
							-31.77688
						],
						"0.4333": [
							-9.55676,
							-20.88889,
							-28.55629
						],
						"0.5333": [
							-8.77652,
							-21.21647,
							-30.72851
						],
						"0.7667": [
							-9.4227,
							-20.94881,
							-28.93303
						],
						"1.0": [
							-3.1216,
							-20.98207,
							-46.44405
						],
						"1.1333": [
							-4.564,
							-20.73064,
							-42.44007
						],
						"1.2333": [
							-4.86325,
							-20.9153,
							-41.60203
						],
						"1.3333": [
							-4.58308,
							-20.97575,
							-42.38574
						],
						"1.4667": [
							-4.01131,
							-21.08802,
							-43.97908
						],
						"1.6": [
							-4.38767,
							-21.01662,
							-42.9316
						],
						"1.7": [
							-4.18847,
							-21.05622,
							-43.48691
						],
						"2.0333": [
							-16.91438,
							5.38499,
							54.40399
						],
						"2.1667": [
							-15.22513,
							5.80082,
							60.04554
						],
						"2.3": [
							-15.70981,
							5.86025,
							59.48558
						],
						"2.4333": [
							-15.93602,
							7.03904,
							62.69373
						],
						"2.5667": [
							-15.60896,
							7.75082,
							65.23442
						],
						"2.7333": [
							-15.71675,
							7.52491,
							64.42194
						],
						"2.9": [
							-15.56389,
							7.84019,
							65.55973
						],
						"3.1": [
							-15.61778,
							7.73186,
							65.16659
						],
						"3.2667": [
							-15.9801,
							6.93689,
							62.33342
						],
						"3.4": [
							-8.86998,
							2.42135,
							33.56191
						],
						"3.5333": [
							0,
							-1.75,
							-2.75
						],
						"3.7": [
							0,
							0,
							0
						]
					},
					"position": {
						"0.0": [
							0,
							0,
							0
						],
						"0.3": [
							-0.475,
							1.475,
							-8.7
						],
						"0.4": [
							-0.195,
							1,
							-7.7
						],
						"0.5333": [
							-0.03,
							0.725,
							-7.7
						],
						"0.7": [
							0,
							1.125,
							-7.7
						],
						"0.9": [
							0.125,
							1.4,
							-8.275
						],
						"1.2": [
							-0.02,
							1.475,
							-8
						],
						"1.4": [
							0.11,
							1.425,
							-8.175
						],
						"1.6667": [
							0.275,
							1.25,
							-7.975
						],
						"1.8": [
							-0.13,
							-1.19,
							-8.65
						],
						"1.9667": [
							-0.545,
							-1.325,
							-11.15
						],
						"2.1333": [
							-0.415,
							-1.395,
							-10.545
						],
						"2.2667": [
							-0.525,
							-1.455,
							-9.17
						],
						"2.4": [
							-0.49,
							-1.43,
							-9.85
						],
						"2.5667": [
							-0.455,
							-1.5,
							-9.24
						],
						"2.7667": [
							-0.53,
							-1.5,
							-9.27
						],
						"3.0": [
							-0.49,
							-1.41,
							-9.3
						],
						"3.2333": [
							-0.545,
							-1.325,
							-9.325
						],
						"3.3667": [
							-1.005,
							-0.61,
							-7.41
						],
						"3.6333": [
							0,
							0,
							0
						]
					}
				}
			}
		},
		"animation.awp.reloadempty": {
			"animation_length": 2.8,
			"bones": {
				"main": {
					"rotation": {
						"0.0": [
							0,
							0,
							0
						],
						"0.1333": [
							-5.21485,
							-2.95862,
							-15.29475
						],
						"0.2": [
							-5.32661,
							-2.7519,
							-13.05148
						],
						"0.3": [
							-6.02889,
							0.16976,
							5.24751
						],
						"0.4": [
							-6.24711,
							-1.203,
							-0.38662
						],
						"0.5333": [
							-6.11401,
							-0.24184,
							-2.94553
						],
						"0.6667": [
							-5.5641,
							-3.67217,
							-16.73407
						],
						"0.8": [
							-9.13595,
							-7.55317,
							-28.24841
						],
						"0.9333": [
							-8.4828,
							-8.28104,
							-32.98754
						],
						"1.0667": [
							-9.07014,
							-7.63227,
							-28.74648
						],
						"1.1667": [
							-6.70888,
							-8.74921,
							-39.37529
						],
						"1.2667": [
							-6.67274,
							-8.47385,
							-33.47033
						],
						"1.4": [
							-5.35749,
							-3.38984,
							-21.36846
						],
						"1.5": [
							-3.68785,
							-3.32623,
							-20.36901
						],
						"1.5667": [
							-4.01371,
							-3.91418,
							-15.81009
						],
						"1.6333": [
							-3.48871,
							-4.99149,
							-22.77553
						],
						"1.7333": [
							-3.82888,
							-3.95992,
							-18.57018
						],
						"1.9667": [
							0.65978,
							0.18913,
							-3.84963
						],
						"2.1": [
							0,
							0,
							0
						]
					},
					"position": {
						"0.0": [
							0,
							0,
							0
						],
						"0.0667": [
							-0.575,
							0,
							0
						],
						"0.1667": [
							-0.38,
							0.875,
							0.35
						],
						"0.3": [
							-0.705,
							-3.5,
							-0.675
						],